{
	"$schema": "https://biomejs.dev/schemas/1.6.2/schema.json",
	"organizeImports": {
		"enabled": true
	},
	"files": {
		"ignore": ["node_modules/**/*", "dist/**/*"],
		"include": ["src/**/*.ts", "test/**/*.ts"]
	},
	"linter": {
		"enabled": true,
		"rules": {
			"recommended": true,
			"suspicious": {
				"noExplicitAny": "off",
				"noDebugger": "off",
				"noConsoleLog": "off",
				"noConfusingVoidType": "off"
			},
			"style": {
				"noNonNullAssertion": "off"
			}
		}
	},
	"formatter": {
		"enabled": true,
		"indentStyle": "tab",
		"indentWidth": 4,
		"lineWidth": 100
	}
}
