{
  "name": "mcp-client",
  "main": "src/server.ts",
  "compatibility_date": "2025-03-14",
  "compatibility_flags": ["nodejs_compat"],
  "assets": {
    "directory": "dist/client"
  },
  "vars": {
    "HOST": "<PLACEHOLDER_HOST>"
  },
  "durable_objects": {
    "bindings": [
      {
        "name": "MyAgent",
        "class_name": "MyAgent"
      }
    ]
  },
  "migrations": [
    {
      "tag": "v1",
      "new_sqlite_classes": ["MyAgent"]
    }
  ],
  "observability": {
    "logs": {
      "enabled": true
    }
  }
}
